{
    "loss": 1.9185070991516113,
    "accuracy": 0.8472222089767456
}